test_example_id,predicted_category
0,m
1,m
2,f
3,m
4,m
5,m
6,m
7,m
8,m
9,m
10,f
11,m
12,f
13,m
14,f
15,m
16,m
17,m
18,f
19,m
20,m
21,m
22,f
23,m
24,m
25,m
26,m
27,m
28,m
29,m
30,f
31,m
32,m
33,m
34,m
35,m
36,m
37,m
38,m
39,m
40,m
41,m
42,m
43,m
44,m
45,m
46,m
47,m
48,m
49,m
50,f
51,m
52,f
53,m
54,m
55,m
56,f
57,m
58,m
59,m
60,m
61,f
62,f
63,m
64,m
65,m
66,m
67,m
68,m
69,m
70,m
71,f
72,m
73,f
74,m
75,f
76,m
77,m
78,m
79,m
80,m
81,m
82,f
83,m
84,f
85,m
86,f
87,f
88,f
89,f
90,m
91,m
92,m
93,m
94,f
95,f
96,m
97,m
98,m
99,f
100,m
101,m
102,m
103,m
104,m
105,m
106,m
107,m
108,m
109,m
110,m
111,m
112,f
113,m
114,m
115,m
116,m
117,m
118,m
119,f
120,m
121,f
122,m
123,m
124,f
125,f
126,m
127,f
128,m
129,f
130,m
131,m
132,m
133,m
134,m
135,m
136,m
137,m
138,m
139,f
140,m
141,f
142,f
143,m
144,m
145,m
146,m
147,f
148,m
149,f
150,m
151,m
152,m
153,m
154,m
155,m
156,m
157,f
158,m
159,f
160,m
161,m
162,f
163,f
164,m
165,f
166,f
167,m
168,m
169,m
170,f
171,m
172,m
173,f
174,f
175,f
176,m
177,m
178,m
179,f
180,m
181,m
182,m
183,m
184,f
185,m
186,m
187,m
188,m
189,m
190,m
191,m
192,m
193,m
194,m
195,m
196,m
197,m
198,m
199,m
200,m
201,m
202,f
203,f
204,m
205,m
206,m
207,f
208,m
209,m
210,m
211,f
212,m
213,m
214,m
215,m
216,f
217,m
218,m
219,f
220,f
221,m
222,m
223,m
224,m
225,m
226,m
227,m
228,m
229,f
230,m
231,m
232,m
233,f
234,f
235,m
236,m
237,m
238,f
239,m
240,m
241,m
242,m
243,m
244,f
245,m
246,m
247,f
248,m
249,m
250,m
251,f
252,m
253,m
254,m
255,m
256,f
257,f
258,f
259,m
260,m
261,m
262,m
263,m
264,m
265,f
266,m
267,f
268,m
269,m
270,m
271,f
272,m
273,m
274,m
275,m
276,m
277,m
278,f
279,m
280,m
281,m
282,m
283,m
284,m
285,f
286,m
287,m
288,m
289,f
290,m
291,f
292,m
293,m
294,m
295,m
296,f
297,m
298,f
299,f
300,m
301,m
302,m
303,m
304,m
305,m
306,m
307,f
308,m
309,m
310,m
311,m
312,m
313,f
314,m
315,m
316,m
317,f
318,m
319,f
320,m
321,m
322,m
